{"cameraMode":{"drawMode":0,"name":"Shaded","section":"Shading Mode"},"sceneLighting":true,"audioPlay":false,"sceneViewState":{"m_AlwaysRefresh":false,"showFog":true,"showSkybox":true,"showFlares":true,"showImageEffects":true,"showParticleSystems":true,"showVisualEffectGraphs":true,"m_FxEnabled":true},"in2DMode":false,"pivot":{"x":129.15562438964845,"y":29.875843048095704,"z":129.95896911621095},"rotation":{"x":-0.7072179913520813,"y":0.013369983993470669,"z":-0.013340805657207966,"w":-0.7067765593528748},"size":100.77853393554688,"orthographic":true}