{"cameraMode":{"drawMode":0,"name":"Shaded","section":"Shading Mode"},"sceneLighting":true,"audioPlay":false,"sceneViewState":{"m_AlwaysRefresh":false,"showFog":true,"showSkybox":true,"showFlares":true,"showImageEffects":true,"showParticleSystems":true,"showVisualEffectGraphs":true,"m_FxEnabled":true},"in2DMode":false,"pivot":{"x":79.30325317382813,"y":27.544937133789064,"z":132.84747314453126},"rotation":{"x":-0.7438985705375671,"y":0.059174008667469028,"z":-0.06645037233829498,"w":-0.662367582321167},"size":140.7047882080078,"orthographic":true}