{"cameraMode":{"drawMode":0,"name":"Shaded","section":"Shading Mode"},"sceneLighting":true,"audioPlay":false,"sceneViewState":{"m_AlwaysRefresh":false,"showFog":true,"showSkybox":true,"showFlares":true,"showImageEffects":true,"showParticleSystems":true,"showVisualEffectGraphs":true,"m_FxEnabled":true},"in2DMode":false,"pivot":{"x":1795.7880859375,"y":948.8212280273438,"z":108.26335144042969},"rotation":{"x":0.017618034034967424,"y":0.08746319264173508,"z":0.0015926490304991603,"w":-0.9960306882858276},"size":130.47845458984376,"orthographic":true}