{"cameraMode":{"drawMode":0,"name":"Shaded","section":"Shading Mode"},"sceneLighting":false,"audioPlay":false,"sceneViewState":{"m_AlwaysRefresh":false,"showFog":true,"showSkybox":false,"showFlares":true,"showImageEffects":true,"showParticleSystems":true,"showVisualEffectGraphs":true,"m_FxEnabled":true},"in2DMode":false,"pivot":{"x":124.88888549804688,"y":0.6638729572296143,"z":55.406776428222659},"rotation":{"x":0.013661437667906285,"y":0.9862663745880127,"z":-0.12223637849092484,"w":0.11022842675447464},"size":9.698359489440918,"orthographic":false}