{"cameraMode":{"drawMode":0,"name":"Shaded","section":"Shading Mode"},"sceneLighting":false,"audioPlay":false,"sceneViewState":{"m_AlwaysRefresh":false,"showFog":true,"showSkybox":false,"showFlares":true,"showImageEffects":true,"showParticleSystems":true,"showVisualEffectGraphs":true,"m_FxEnabled":true},"in2DMode":false,"pivot":{"x":0.11780866980552674,"y":1.2331534624099732,"z":0.2257920503616333},"rotation":{"x":-0.8176003098487854,"y":0.045769788324832919,"z":-0.06562795490026474,"w":-0.5702043175697327},"size":2.3659918308258058,"orthographic":true}