{"cameraMode":{"drawMode":0,"name":"Shaded","section":"Shading Mode"},"sceneLighting":false,"audioPlay":false,"sceneViewState":{"m_AlwaysRefresh":false,"showFog":true,"showSkybox":false,"showFlares":true,"showImageEffects":true,"showParticleSystems":true,"showVisualEffectGraphs":true,"m_FxEnabled":true},"in2DMode":false,"pivot":{"x":0.027968257665634157,"y":1.4171075820922852,"z":0.22579216957092286},"rotation":{"x":-0.8176003098487854,"y":0.045769788324832919,"z":-0.06562795490026474,"w":-0.5702043175697327},"size":2.4615447521209719,"orthographic":true}