{"cameraMode":{"drawMode":0,"name":"Shaded","section":"Shading Mode"},"sceneLighting":false,"audioPlay":false,"sceneViewState":{"m_AlwaysRefresh":false,"showFog":true,"showSkybox":false,"showFlares":true,"showImageEffects":true,"showParticleSystems":true,"showVisualEffectGraphs":true,"m_FxEnabled":true},"in2DMode":false,"pivot":{"x":-0.006246805191040039,"y":1.2191954851150513,"z":0.22579216957092286},"rotation":{"x":-0.8176003098487854,"y":0.045769788324832919,"z":-0.06562795490026474,"w":-0.5702043175697327},"size":2.3205277919769289,"orthographic":true}