{"cameraMode":{"drawMode":0,"name":"Shaded","section":"Shading Mode"},"sceneLighting":false,"audioPlay":false,"sceneViewState":{"m_AlwaysRefresh":false,"showFog":true,"showSkybox":false,"showFlares":true,"showImageEffects":true,"showParticleSystems":true,"showVisualEffectGraphs":true,"m_FxEnabled":true},"in2DMode":false,"pivot":{"x":107.65628051757813,"y":18.138051986694337,"z":30.719470977783204},"rotation":{"x":0.23719428479671479,"y":0.26687562465667727,"z":-0.06794831156730652,"w":0.9316107630729675},"size":4.154655933380127,"orthographic":false}